{"file account.": [1, 0.9394531250000002], "register account.": [1, 0.9970703125], "smooth account.": [0, 0.0], "file nail.": [1, 0.9609375000000002], "register nail.": [0, 0.0], "smooth nail.": [1, 0.994140625], "file charge_n.": [1, 0.8828125000000002], "register charge_n.": [1, 0.9833984375], "smooth charge_n.": [0, 0.0], "file tooth.": [1, 0.8964843750000002], "register tooth.": [0, 0.0], "smooth tooth.": [1, 1.0], "file application.": [1, 0.8847656250000002], "register application.": [1, 0.9951171875], "smooth application.": [0, 0.0], "file steel.": [1, 0.7890625000000002], "register steel.": [0, 0.0], "smooth steel.": [1, 0.9873046875], "file lawsuit.": [1, 0.9062500000000002], "register lawsuit.": [1, 0.998046875], "smooth lawsuit.": [0, 0.0], "file shank.": [1, 0.8769531250000002], "register shank.": [0, 0.0], "smooth shank.": [1, 0.97265625], "file declaration.": [1, 0.9101562500000002], "register declaration.": [1, 0.982421875], "smooth declaration.": [0, 0.0], "charge rate.": [1, 0.9765625000000002], "bill rate.": [1, 0.9921875], "accuse rate.": [0, 0.0], "charge person.": [1, 0.8710937500000002], "bill person.": [0, 0.0], "accuse person.": [1, 0.9931640625], "charge price.": [1, 1.1328125000000002], "bill price.": [1, 0.9921875], "accuse price.": [0, 0.0], "charge demonstrator.": [1, 0.8886718750000002], "bill demonstrator.": [0, 0.0], "accuse demonstrator.": [1, 0.9833984375], "charge rent.": [1, 1.0468750000000002], "bill rent.": [1, 0.9921875], "accuse rent.": [0, 0.0], "charge defendant.": [1, 0.8652343750000002], "bill defendant.": [0, 0.0], "accuse defendant.": [1, 0.998046875], "charge interest.": [1, 1.0507812500000002], "bill interest.": [1, 0.9921875], "accuse interest.": [0, 0.0], "charge fee.": [1, 1.1074218750000002], "bill fee.": [1, 1.0], "accuse fee.": [0, 0.0], "charge offender.": [1, 0.8730468750000002], "bill offender.": [0, 0.0], "accuse offender.": [1, 0.998046875], "charge commission.": [1, 1.0605468750000002], "bill commission.": [1, 0.9912109375], "accuse commission.": [0, 0.0], "tap table.": [1, 0.31445312500000006], "intercept table.": [0, 0.0], "knock table.": [1, 0.984375], "tap telephone.": [1, 0.6660156250000001], "intercept telephone.": [1, 0.9990234375], "knock telephone.": [0, 0.0], "tap tree.": [1, 0.4296875000000001], "intercept tree.": [0, 0.0], "knock tree.": [1, 0.9951171875], "tap conversation.": [1, 0.6972656250000001], "intercept conversation.": [1, 0.99609375], "knock conversation.": [0, 0.0], "tap resource.": [1, 0.7207031250000001], "intercept resource.": [1, 0.9951171875], "knock resource.": [0, 0.0], "tap pencil.": [1, 0.37109375000000006], "intercept pencil.": [0, 0.0], "knock pencil.": [1, 0.98828125], "tap door.": [1, 0.3808593750000001], "intercept door.": [0, 0.0], "knock door.": [1, 1.0], "tap network.": [1, 0.5996093750000001], "intercept network.": [1, 0.994140625], "knock network.": [0, 0.0], "tap market.": [1, 0.6679687500000001], "intercept market.": [1, 0.98828125], "knock market.": [0, 0.0], "tap floor.": [1, 0.3789062500000001], "intercept floor.": [0, 0.0], "knock floor.": [1, 0.990234375], "dribble ball.": [1, 0.8496093750000002], "carry ball.": [1, 0.9912109375], "drip ball.": [0, 0.0], "dribble wine.": [1, 0.33203125000000006], "carry wine.": [0, 0.0], "drip wine.": [1, 0.0], "dribble blood.": [1, 0.7695312500000002], "carry blood.": [0, 0.0009765625], "drip blood.": [1, 0.98046875], "dribble melon.": [1, 0.8242187500000002], "carry melon.": [0, 0.0], "drip melon.": [1, 0.998046875], "dribble tea.": [1, 0.8066406250000002], "carry tea.": [0, 0.0009765625], "drip tea.": [1, 0.986328125], "dribble sphere.": [1, 0.8710937500000002], "carry sphere.": [1, 1.0], "drip sphere.": [0, 0.0009765625]}