{"register account.": [1, 0.5537109375], "smooth account.": [0, 0.5068359375], "register nail.": [0, 0.10546875], "smooth nail.": [1, 0.8779296875], "register charge_n.": [1, 0.5517578125], "smooth charge_n.": [0, 0.025390625], "register tooth.": [0, 0.1513671875], "smooth tooth.": [1, 0.912109375], "register application.": [1, 0.2138671875], "smooth application.": [0, 0.1826171875], "register steel.": [0, 0.2099609375], "smooth steel.": [1, 0.76171875], "register lawsuit.": [1, 0.8603515625], "smooth lawsuit.": [0, 0.005859375], "register shank.": [0, 0.1767578125], "smooth shank.": [1, 0.8125], "register declaration.": [1, 0.2861328125], "smooth declaration.": [0, 0.0966796875], "bill rate.": [1, 0.53515625], "accuse rate.": [0, 0.048828125], "bill person.": [0, 0.013671875], "accuse person.": [1, 0.8427734375], "bill price.": [1, 0.857421875], "accuse price.": [0, 0.0654296875], "bill demonstrator.": [0, 0.0361328125], "accuse demonstrator.": [1, 0.080078125], "bill rent.": [1, 0.787109375], "accuse rent.": [0, 0.0703125], "bill defendant.": [0, 0.0029296875], "accuse defendant.": [1, 0.78515625], "bill interest.": [1, 0.0498046875], "accuse interest.": [0, 0.044921875], "bill fee.": [1, 0.486328125], "accuse fee.": [0, 0.236328125], "bill offender.": [0, 0.0625], "accuse offender.": [1, 0.810546875], "bill commission.": [1, 0.4365234375], "accuse commission.": [0, 0.072265625], "intercept table.": [0, 0.0888671875], "knock table.": [1, 0.5068359375], "intercept telephone.": [1, 0.9443359375], "knock telephone.": [0, 0.1015625], "intercept tree.": [0, 0.0009765625], "knock tree.": [1, 0.908203125], "intercept conversation.": [1, 0.205078125], "knock conversation.": [0, 0.3115234375], "intercept resource.": [1, 0.9306640625], "knock resource.": [0, 0.1298828125], "intercept pencil.": [0, 0.0849609375], "knock pencil.": [1, 0.3994140625], "intercept door.": [0, 0.0166015625], "knock door.": [1, 0.7841796875], "intercept network.": [1, 0.8916015625], "knock network.": [0, 0.015625], "intercept market.": [1, 0.4267578125], "knock market.": [0, 0.0322265625], "intercept floor.": [0, 0.03515625], "knock floor.": [1, 0.6640625], "carry ball.": [1, 0.234375], "drip ball.": [0, 0.1669921875], "carry wine.": [0, 0.2255859375], "drip wine.": [1, 0.6875], "carry blood.": [0, 0.146484375], "drip blood.": [1, 0.4912109375], "carry melon.": [0, 0.037109375], "drip melon.": [1, 0.91015625], "carry tea.": [0, 0.091796875], "drip tea.": [1, 0.6962890625], "carry sphere.": [1, 0.4033203125], "drip sphere.": [0, 0.0537109375]}