{"knock": {"p": [0, 0, 0], "learn": false}, "carry": {"p": [0, 0, 1], "learn": false}, "drip": {"p": [0, 1, 0], "learn": false}, "smooth": {"p": [0, 1, 1], "learn": false}, "accuse": {"p": [1, 0, 0], "learn": false}, "intercept": {"p": [1, 0, 1], "learn": false}, "register": {"p": [1, 1, 0], "learn": false}, "bill": {"p": [1, 1, 1], "learn": false}, "telephone": {"p": [0.48859540106979604, 0.0030712527383268302, 0.48441618477783654], "learn": true}, "application": {"p": [0.5243847334750618, 0.5198900368336674, 0.005863708239716066], "learn": true}, "market": {"p": [0.4968240620762748, 0.001828506481792636, 0.4782254530457794], "learn": true}, "sphere": {"p": [0.0030451807232653974, 0.9893980179927635, 0.5157023368004462], "learn": true}, "nail": {"p": [0.9859849871450213, 0.5438513377051136, 0.5485203600432543], "learn": true}, "floor": {"p": [0.006173147760124142, 0.016838082221184787, 0.9998440402307794], "learn": true}, "wine": {"p": [0.003803488742142648, 0.48123189128462357, 0.0003197575043232844], "learn": true}, "lawsuit": {"p": [0.48886916310680606, 0.49703313553551876, 0.9901744910584862], "learn": true}, "defendant": {"p": [0.5102556985662122, 0.9915160409152327, 0.9835810328932645], "learn": true}, "network": {"p": [0.5250168444376409, 0.001681479529791236, 0.5122916961849945], "learn": true}, "blood": {"p": [0.9874679352174055, 0.47395772704552275, 0.011067987960558466], "learn": true}, "rate": {"p": [0.49590591316332433, 0.49072762569227113, 0.5153475365756556], "learn": true}, "interest": {"p": [0.5101907046861894, 0.4688748116407742, 0.47977507912365996], "learn": true}, "commission": {"p": [0.49183166609594975, 0.5223553260042775, 0.5113943296843726], "learn": true}, "charge_n": {"p": [0.5123007650062936, 0.5204371396117464, 5.007179539360748e-05], "learn": true}, "account": {"p": [0.5310260239125788, 0.4971367854279607, 0.0251158206802255], "learn": true}, "person": {"p": [0.49444319823164706, 0.9997535765902835, 0.011485293819975094], "learn": true}, "fee": {"p": [0.49006555224844056, 0.4736173740365849, 0.5052240558522854], "learn": true}, "offender": {"p": [0.5081000209956869, 0.9888755344028373, 0.017792896037367605], "learn": true}, "table": {"p": [0.9807963446231184, 0.9947628569463335, 0.008673681420325423], "learn": true}, "tooth": {"p": [0.014940331261627386, 0.4994985918148321, 0.5170012252736298], "learn": true}, "tea": {"p": [0.0023860335885257204, 0.49044107311257834, 0.007287231724720095], "learn": true}, "declaration": {"p": [0.4880256176763058, 0.5084601552275563, 0.9726015537140913], "learn": true}, "tree": {"p": [0.9903652100667407, 0.9947687299775918, 0.005651941988502339], "learn": true}, "steel": {"p": [0.9942714454442283, 0.5086972188316723, 0.4883955541099319], "learn": true}, "demonstrator": {"p": [0.4651291929816373, 0.0036941487741074725, 0.014401135021060394], "learn": true}, "resource": {"p": [0.5222213758624981, 1.0, 0.5171167337875235], "learn": true}, "pencil": {"p": [0.00823967580321139, 0.9759233041455048, 0.002171138880149715], "learn": true}, "door": {"p": [0.9944469084017903, 0.975156803779796, 0.009883945409938977], "learn": true}, "conversation": {"p": [0.5137897751334588, 0.9801758904409805, 0.4816313984819949], "learn": true}, "price": {"p": [0.5148380294935015, 0.5143626279779037, 0.4912603085667667], "learn": true}, "rent": {"p": [0.5142817125294741, 0.47789454362784645, 0.4973317017682879], "learn": true}, "ball": {"p": [4.7416472910613144e-08, 0.9988048084153139, 0.5321478616672558], "learn": true}, "shank": {"p": [1.0, 0.4764408458501206, 0.5185134488767849], "learn": true}, "melon": {"p": [0.0010354575999162088, 0.5314646730852333, 0.0015878371093193345], "learn": true}, "file": {"p": [0.642658155029811, 0.11929660181460966, 0.20349129280345535, 0.6615326772691463, 0.4731610866682341, 0.8052663133232768, 0.7679079856060543, 0.10996027263072561, 0.4938284342087047], "learn": false}, "dribble": {"p": [0.6958076758555377, 0.2626869301507879, 0.9111409881553333, 0.14719274380933145, 0.11157115244165061, 0.18126456336131525, 0.3523509387124951, 0.24294660439526627, 0.8996729769358568], "learn": false}, "tap": {"p": [0.5028807292516579, 0.11725254112108063, 0.9505290223096975, 0.9991979525691057, 0.5558066599541676, 0.48847528524750194, 0.8675880626036511, 0.19477095427702873, 0.4144933267286748], "learn": false}, "charge": {"p": [0.5731510309687682, 0.08332028182180828, 0.6763274246183366, 0.9175087275552832, 0.8279754826236587, 0.3581913827653279, 0.514315255800246, 0.32305851842974564, 0.55398794518673], "learn": false}}