{"knock": {"p": [0, 0, 0], "learn": false}, "carry": {"p": [0, 0, 1], "learn": false}, "drip": {"p": [0, 1, 0], "learn": false}, "smooth": {"p": [0, 1, 1], "learn": false}, "accuse": {"p": [1, 0, 0], "learn": false}, "intercept": {"p": [1, 0, 1], "learn": false}, "register": {"p": [1, 1, 0], "learn": false}, "bill": {"p": [1, 1, 1], "learn": false}, "telephone": {"p": [0.48859540106979604, 0.0030712527383268302, 0.48441618477783654], "learn": false}, "application": {"p": [0.5243847334750618, 0.5198900368336674, 0.005863708239716066], "learn": false}, "market": {"p": [0.4968240620762748, 0.001828506481792636, 0.4782254530457794], "learn": false}, "sphere": {"p": [0.0030451807232653974, 0.9893980179927635, 0.5157023368004462], "learn": false}, "nail": {"p": [0.9859849871450213, 0.5438513377051136, 0.5485203600432543], "learn": false}, "floor": {"p": [0.006173147760124142, 0.016838082221184787, 0.9998440402307794], "learn": false}, "wine": {"p": [0.003803488742142648, 0.48123189128462357, 0.0003197575043232844], "learn": false}, "lawsuit": {"p": [0.48886916310680606, 0.49703313553551876, 0.9901744910584862], "learn": false}, "defendant": {"p": [0.5102556985662122, 0.9915160409152327, 0.9835810328932645], "learn": false}, "network": {"p": [0.5250168444376409, 0.001681479529791236, 0.5122916961849945], "learn": false}, "blood": {"p": [0.9874679352174055, 0.47395772704552275, 0.011067987960558466], "learn": false}, "rate": {"p": [0.49590591316332433, 0.49072762569227113, 0.5153475365756556], "learn": false}, "interest": {"p": [0.5101907046861894, 0.4688748116407742, 0.47977507912365996], "learn": false}, "commission": {"p": [0.49183166609594975, 0.5223553260042775, 0.5113943296843726], "learn": false}, "charge_n": {"p": [0.5123007650062936, 0.5204371396117464, 5.007179539360748e-05], "learn": false}, "account": {"p": [0.5310260239125788, 0.4971367854279607, 0.0251158206802255], "learn": false}, "person": {"p": [0.49444319823164706, 0.9997535765902835, 0.011485293819975094], "learn": false}, "fee": {"p": [0.49006555224844056, 0.4736173740365849, 0.5052240558522854], "learn": false}, "offender": {"p": [0.5081000209956869, 0.9888755344028373, 0.017792896037367605], "learn": false}, "table": {"p": [0.9807963446231184, 0.9947628569463335, 0.008673681420325423], "learn": false}, "tooth": {"p": [0.014940331261627386, 0.4994985918148321, 0.5170012252736298], "learn": false}, "tea": {"p": [0.0023860335885257204, 0.49044107311257834, 0.007287231724720095], "learn": false}, "declaration": {"p": [0.4880256176763058, 0.5084601552275563, 0.9726015537140913], "learn": false}, "tree": {"p": [0.9903652100667407, 0.9947687299775918, 0.005651941988502339], "learn": false}, "steel": {"p": [0.9942714454442283, 0.5086972188316723, 0.4883955541099319], "learn": false}, "demonstrator": {"p": [0.4651291929816373, 0.0036941487741074725, 0.014401135021060394], "learn": false}, "resource": {"p": [0.5222213758624981, 1.0, 0.5171167337875235], "learn": false}, "pencil": {"p": [0.00823967580321139, 0.9759233041455048, 0.002171138880149715], "learn": false}, "door": {"p": [0.9944469084017903, 0.975156803779796, 0.009883945409938977], "learn": false}, "conversation": {"p": [0.5137897751334588, 0.9801758904409805, 0.4816313984819949], "learn": false}, "price": {"p": [0.5148380294935015, 0.5143626279779037, 0.4912603085667667], "learn": false}, "rent": {"p": [0.5142817125294741, 0.47789454362784645, 0.4973317017682879], "learn": false}, "ball": {"p": [4.7416472910613144e-08, 0.9988048084153139, 0.5321478616672558], "learn": false}, "shank": {"p": [1.0, 0.4764408458501206, 0.5185134488767849], "learn": false}, "melon": {"p": [0.0010354575999162088, 0.5314646730852333, 0.0015878371093193345], "learn": false}, "file": {"p": [0.9962616252248396, 0.9967609294996296, 0.24979757083240525, 0.4934413960184753, 0.9948511602530461, 0.7520185962142744, 0.562247759215243, 0.5711150888212922, 0.8877136869237857], "learn": true}, "dribble": {"p": [0.25103941780169975, 0.49758388184336744, 0.5014149001464756, 0.7516042509917473, 0.008651031418822874, 0.9984287305740743, 0.27410314879987835, 0.7874385622406233, 0.2853627881241679], "learn": true}, "tap": {"p": [1.0, 0.5036654844999189, 0.7465953910890479, 0.0, 0.5072537827093221, 0.7415797406074098, 0.07977131542272149, 0.6035832248049353, 0.553903146647669], "learn": true}, "charge": {"p": [0.25181250681702294, 0.49933232823344986, 0.5009094641871016, 0.7420782916163317, 0.003214365625619375, 0.4984754044982887, 0.5921127331288812, 0.2628528071244645, 0.5285032824320652], "learn": true}}