{"file account.": [1, 0.9628906250000002], "register account.": [1, 0.982421875], "smooth account.": [0, 0.0], "file nail.": [1, 0.9570312500000002], "register nail.": [0, 0.0], "smooth nail.": [1, 0.9599609375], "file charge_n.": [1, 0.9707031250000002], "register charge_n.": [1, 0.9931640625], "smooth charge_n.": [0, 0.0], "file tooth.": [1, 1.0195312500000002], "register tooth.": [0, 0.0], "smooth tooth.": [1, 0.9931640625], "file application.": [1, 0.9628906250000002], "register application.": [1, 0.9892578125], "smooth application.": [0, 0.0], "file steel.": [1, 0.9648437500000002], "register steel.": [0, 0.0], "smooth steel.": [1, 0.9951171875], "file lawsuit.": [1, 0.9960937500000002], "register lawsuit.": [1, 1.0], "smooth lawsuit.": [0, 0.0], "file shank.": [1, 0.9589843750000002], "register shank.": [0, 0.0], "smooth shank.": [1, 0.9951171875], "file declaration.": [1, 0.9042968750000002], "register declaration.": [1, 0.9921875], "smooth declaration.": [0, 0.0], "charge rate.": [1, 0.9882812500000002], "bill rate.": [1, 0.998046875], "accuse rate.": [0, 0.0], "charge person.": [1, 0.9902343750000002], "bill person.": [0, 0.0], "accuse person.": [1, 1.0], "charge price.": [1, 0.9882812500000002], "bill price.": [1, 0.9931640625], "accuse price.": [0, 0.0], "charge demonstrator.": [1, 1.0175781250000002], "bill demonstrator.": [0, 0.0], "accuse demonstrator.": [1, 0.9912109375], "charge rent.": [1, 1.0000000000000002], "bill rent.": [1, 0.9912109375], "accuse rent.": [0, 0.0], "charge defendant.": [1, 0.9804687500000002], "bill defendant.": [0, 0.0], "accuse defendant.": [1, 0.994140625], "charge interest.": [1, 0.9335937500000002], "bill interest.": [1, 0.982421875], "accuse interest.": [0, 0.0], "charge fee.": [1, 1.0312500000000002], "bill fee.": [1, 0.9951171875], "accuse fee.": [0, 0.0], "charge offender.": [1, 0.9980468750000002], "bill offender.": [0, 0.0], "accuse offender.": [1, 0.99609375], "charge commission.": [1, 1.0000000000000002], "bill commission.": [1, 0.9970703125], "accuse commission.": [0, 0.0], "tap table.": [1, 1.0078125000000002], "intercept table.": [0, 0.0], "knock table.": [1, 0.998046875], "tap telephone.": [1, 0.9785156250000002], "intercept telephone.": [1, 0.9951171875], "knock telephone.": [0, 0.0], "tap tree.": [1, 0.9843750000000002], "intercept tree.": [0, 0.0], "knock tree.": [1, 0.9970703125], "tap conversation.": [1, 0.9453125000000002], "intercept conversation.": [1, 0.9921875], "knock conversation.": [0, 0.0], "tap resource.": [1, 0.9902343750000002], "intercept resource.": [1, 0.9892578125], "knock resource.": [0, 0.0], "tap pencil.": [1, 0.9960937500000002], "intercept pencil.": [0, 0.0], "knock pencil.": [1, 0.9921875], "tap door.": [1, 0.9902343750000002], "intercept door.": [0, 0.0], "knock door.": [1, 0.9892578125], "tap network.": [1, 0.9980468750000002], "intercept network.": [1, 0.9951171875], "knock network.": [0, 0.0], "tap market.": [1, 1.0312500000000002], "intercept market.": [1, 0.9931640625], "knock market.": [0, 0.0], "tap floor.": [1, 1.0156250000000002], "intercept floor.": [0, 0.0], "knock floor.": [1, 1.0], "dribble ball.": [1, 0.9863281250000002], "carry ball.": [1, 0.9912109375], "drip ball.": [0, 0.0], "dribble wine.": [1, 0.9570312500000002], "carry wine.": [0, 0.0], "drip wine.": [1, 0.99609375], "dribble blood.": [1, 1.0000000000000002], "carry blood.": [0, 0.0], "drip blood.": [1, 0.9921875], "dribble melon.": [1, 1.0058593750000002], "carry melon.": [0, 0.0], "drip melon.": [1, 0.9892578125], "dribble tea.": [1, 1.0410156250000002], "carry tea.": [0, 0.0], "drip tea.": [1, 1.0], "dribble sphere.": [1, 0.9804687500000002], "carry sphere.": [1, 0.990234375], "drip sphere.": [0, 0.0]}