{"lawsuit": [0.6104965750424485, 0.500314402569479], "charge_n": [0.6097636601427943, 0.5848434117311194], "application": [0.3838719870204181, 0.06449927652250076], "tooth": [0.8921968052838787, 0.43274945911864043], "shank": [0.9614707545274812, 0.2700827067577516], "declaration": [0.3974982784590257, 0.11324664164855666], "account": [0.3834347171300137, 0.9982755866703608], "nail": [0.10911043684252048, 0.9823505566467077], "steel": [0.10498870851023664, 0.8914302225207631]}