{"evo1": {"nouns": {"lawsuit": [0.2827270920825081, 0.8957740898301021], "charge_n": [0.5922493250008756, 0.0684748939482197], "application": [0.24777875371800906, 0.16519264582740234], "tooth": [0.671053284878845, 0.4868642703880295], "shank": [0.02251367862941045, 0.272711280198879], "declaration": [0.4244829326725734, 0.026132807803334046], "account": [0.25202215886724444, 0.47127260079911126], "nail": [0.023223969725012616, 0.9464394220968192], "steel": [0.9113388726126235, 0.8336825382568807]}, "amb_verbs": {"file": [0.9692241692318236]}}, "evo2": {"nouns": {"lawsuit": [0.2827270920825081, 0.8957740898301021], "charge_n": [0.5922493250008756, 0.0684748939482197], "application": [0.24777875371800906, 0.9470334620955021], "tooth": [0.671053284878845, 0.4868642703880295], "shank": [0.02251367862941045, 0.272711280198879], "declaration": [0.4244829326725734, 0.026132807803334046], "account": [0.2772231504325652, 0.47127260079911126], "nail": [0.023223969725012616, 0.9464394220968192], "steel": [0.12424424381967636, 0.8336825382568807]}, "amb_verbs": {"file": [0.9692241692318236]}}, "evo3": {"nouns": {"lawsuit": [0.2827270920825081, 0.8957740898301021], "charge_n": [0.5922493250008756, 0.0684748939482197], "application": [0.24777875371800906, 0.9470334620955021], "tooth": [0.9218008695450383, 0.4868642703880295], "shank": [0.02251367862941045, 0.272711280198879], "declaration": [0.4244829326725734, 0.026132807803334046], "account": [0.2772231504325652, 0.47127260079911126], "nail": [0.023223969725012616, 0.9464394220968192], "steel": [0.12424424381967636, 0.8336825382568807]}, "amb_verbs": {"file": [0.9692241692318236]}}, "evo4": {"nouns": {"lawsuit": [0.2045036830923368, 0.8957740898301021], "charge_n": [0.5922493250008756, 0.7666875356579275], "application": [0.24777875371800906, 0.9470334620955021], "tooth": [0.9218008695450383, 0.4868642703880295], "shank": [0.02251367862941045, 0.272711280198879], "declaration": [0.4244829326725734, 0.026132807803334046], "account": [0.2772231504325652, 0.9442273835154956], "nail": [0.023223969725012616, 0.9464394220968192], "steel": [0.12424424381967636, 0.8336825382568807]}, "amb_verbs": {"file": [0.9692241692318236]}}, "evo5": {"nouns": {"lawsuit": [0.7864250084428158, 0.8957740898301021], "charge_n": [0.5922493250008756, 0.7666875356579275], "application": [0.24777875371800906, 0.9470334620955021], "tooth": [0.9218008695450383, 0.4868642703880295], "shank": [0.02251367862941045, 0.272711280198879], "declaration": [0.4244829326725734, 0.026132807803334046], "account": [0.2772231504325652, 0.9442273835154956], "nail": [0.023223969725012616, 0.9464394220968192], "steel": [0.12424424381967636, 0.8336825382568807]}, "amb_verbs": {"file": [0.779800467401282]}}, "evo6": {"nouns": {"lawsuit": [0.7864250084428158, 0.793658678931516], "charge_n": [0.5922493250008756, 0.7666875356579275], "application": [0.24777875371800906, 0.9470334620955021], "tooth": [0.9218008695450383, 0.4868642703880295], "shank": [0.02251367862941045, 0.272711280198879], "declaration": [0.4244829326725734, 0.026132807803334046], "account": [0.2772231504325652, 0.9442273835154956], "nail": [0.023223969725012616, 0.9464394220968192], "steel": [0.12424424381967636, 0.8336825382568807]}, "amb_verbs": {"file": [0.779800467401282]}}, "evo7": {"nouns": {"lawsuit": [0.7864250084428158, 0.793658678931516], "charge_n": [0.5922493250008756, 0.7666875356579275], "application": [0.24777875371800906, 0.05714071051898695], "tooth": [0.9218008695450383, 0.3224954951768205], "shank": [0.0344288270493065, 0.272711280198879], "declaration": [0.4244829326725734, 0.026132807803334046], "account": [0.2772231504325652, 0.9442273835154956], "nail": [0.023223969725012616, 0.9464394220968192], "steel": [0.12424424381967636, 0.8336825382568807]}, "amb_verbs": {"file": [0.779800467401282]}}, "evo8": {"nouns": {"lawsuit": [0.7864250084428158, 0.41760541026166365], "charge_n": [0.5922493250008756, 0.7666875356579275], "application": [0.24777875371800906, 0.05714071051898695], "tooth": [0.9218008695450383, 0.5787286260062645], "shank": [0.0344288270493065, 0.272711280198879], "declaration": [0.4244829326725734, 0.7462238473573676], "account": [0.2870504281804084, 0.9442273835154956], "nail": [0.023223969725012616, 0.9464394220968192], "steel": [0.12424424381967636, 0.8336825382568807]}, "amb_verbs": {"file": [0.779800467401282]}}, "evo9": {"nouns": {"lawsuit": [0.7864250084428158, 0.41760541026166365], "charge_n": [0.5922493250008756, 0.7666875356579275], "application": [0.24777875371800906, 0.05714071051898695], "tooth": [0.9218008695450383, 0.393093859861246], "shank": [0.0344288270493065, 0.272711280198879], "declaration": [0.4244829326725734, 0.7462238473573676], "account": [0.2870504281804084, 0.9442273835154956], "nail": [0.023223969725012616, 0.9464394220968192], "steel": [0.12424424381967636, 0.8336825382568807]}, "amb_verbs": {"file": [0.779800467401282]}}, "evo10": {"nouns": {"lawsuit": [0.7864250084428158, 0.41760541026166365], "charge_n": [0.5922493250008756, 0.6668986385712681], "application": [0.24777875371800906, 0.05714071051898695], "tooth": [0.9218008695450383, 0.393093859861246], "shank": [0.935616017397051, 0.272711280198879], "declaration": [0.4244829326725734, 0.7462238473573676], "account": [0.2870504281804084, 0.9442273835154956], "nail": [0.023223969725012616, 0.9464394220968192], "steel": [0.12424424381967636, 0.8336825382568807]}, "amb_verbs": {"file": [0.779800467401282]}}, "evo11": {"nouns": {"lawsuit": [0.7864250084428158, 0.41760541026166365], "charge_n": [0.5922493250008756, 0.6668986385712681], "application": [0.24777875371800906, 0.05714071051898695], "tooth": [0.9218008695450383, 0.393093859861246], "shank": [0.935616017397051, 0.272711280198879], "declaration": [0.4244829326725734, 0.2838929279822918], "account": [0.2870504281804084, 0.9442273835154956], "nail": [0.023223969725012616, 0.9464394220968192], "steel": [0.12424424381967636, 0.8336825382568807]}, "amb_verbs": {"file": [0.779800467401282]}}, "evo12": {"nouns": {"lawsuit": [0.5828384854351936, 0.41760541026166365], "charge_n": [0.5922493250008756, 0.6668986385712681], "application": [0.24777875371800906, 0.05714071051898695], "tooth": [0.9218008695450383, 0.393093859861246], "shank": [0.935616017397051, 0.272711280198879], "declaration": [0.4244829326725734, 0.2838929279822918], "account": [0.2870504281804084, 0.9442273835154956], "nail": [0.023223969725012616, 0.9464394220968192], "steel": [0.12424424381967636, 0.8336825382568807]}, "amb_verbs": {"file": [0.779800467401282]}}, "evo13": {"nouns": {"lawsuit": [0.5828384854351936, 0.41760541026166365], "charge_n": [0.5922493250008756, 0.6668986385712681], "application": [0.24777875371800906, 0.05714071051898695], "tooth": [0.9218008695450383, 0.393093859861246], "shank": [0.935616017397051, 0.272711280198879], "declaration": [0.4244829326725734, 0.2838929279822918], "account": [0.2870504281804084, 0.9442273835154956], "nail": [0.023223969725012616, 0.9464394220968192], "steel": [0.12424424381967636, 0.8336825382568807]}, "amb_verbs": {"file": [0.779800467401282]}}}